"Reference","Value","Qty","DNP","Description"
"C1","22nF","1","","Capacitor Ceramic MLCC"
"C2","22nF","1","","Capacitor Ceramic MLCC"
"C3","22nF","1","","Capacitor Ceramic MLCC"
"C4","22nF","1","","Capacitor Ceramic MLCC"
"C5","22nF","1","","Capacitor Ceramic MLCC"
"C6","22nF","1","","Capacitor Ceramic MLCC"
"C7","22nF","1","","Capacitor Ceramic MLCC"
"C8","22nF","1","","Capacitor Ceramic MLCC"
"C25","22uF","1","","Capacitor Aluminium Electrolytic"
"C26","22nF","1","","Capacitor Ceramic MLCC"
"C27","1uF","1","","Capacitor Aluminium Electrolytic"
"C28","22uF","1","","Capacitor Aluminium Electrolytic"
"C29","47nF","1","","Capacitor Ceramic MLCC"
"C30","22nF","1","","Capacitor Ceramic MLCC"
"C31","100nF","1","","Capacitor Ceramic MLCC"
"C32","100nF","1","","Capacitor Ceramic MLCC"
"C33","22nF","1","","Capacitor Ceramic MLCC"
"C34","22uF","1","","Capacitor Aluminium Electrolytic"
"C35","10nF","1","","Capacitor Ceramic MLCC"
"C37","33pF","1","","Capacitor Ceramic MLCC"
"C38","33pF","1","","Capacitor Ceramic MLCC"
"C39","10nF","1","","Capacitor Ceramic MLCC"
"C40","22nF","1","","Capacitor Ceramic MLCC"
"C41","22nF","1","","Capacitor Ceramic MLCC"
"C42","22nF","1","","Capacitor Ceramic MLCC"
"C43","100nF","1","","Capacitor Ceramic MLCC"
"C44","100uF","1","","Capacitor Aluminium Electrolytic"
"C45","100uF","1","","Capacitor Aluminium Electrolytic"
"C46","1uF","1","","Capacitor Aluminium Electrolytic"
"C48","22nF","1","","Capacitor Ceramic MLCC"
"C49","560pF","1","","Capacitor Ceramic MLCC"
"C50","22uF","1","","Capacitor Aluminium Electrolytic"
"C52","150pF","1","","Capacitor Ceramic MLCC"
"C53","150pF","1","","Capacitor Ceramic MLCC"
"C54","470pF","1","DNP","Capacitor Ceramic MLCC"
"C55","22nF","1","","Capacitor Ceramic MLCC"
"C56","22nF","1","","Capacitor Ceramic MLCC"
"C57","22nF","1","","Capacitor Ceramic MLCC"
"C58","22nF","1","","Capacitor Ceramic MLCC"
"C59","22nF","1","","Capacitor Ceramic MLCC"
"C60","22nF","1","","Capacitor Ceramic MLCC"
"C62","22nF","1","","Capacitor Ceramic MLCC"
"C63","47pF","1","","Capacitor Ceramic MLCC"
"C64","100pF","1","","Capacitor Ceramic MLCC"
"C65","22uF","1","","Capacitor Aluminium Electrolytic"
"C66","22nF","1","","Capacitor Ceramic MLCC"
"C67","100pF","1","","Capacitor Ceramic MLCC"
"C68","100nF","1","","Capacitor Ceramic MLCC"
"C69","100nF","1","","Capacitor Ceramic MLCC"
"C70","100nF","1","","Capacitor Ceramic MLCC"
"C71","100nF","1","","Capacitor Ceramic MLCC"
"C72","16pF","1","","Capacitor Ceramic MLCC"
"C73","16pF","1","","Capacitor Ceramic MLCC"
"C74","4.7uF","1","","Capacitor Aluminium Electrolytic"
"C75","100nF","1","","Capacitor Ceramic MLCC"
"C76","47nF","1","","Capacitor Ceramic MLCC"
"C79","1uF","1","","Capacitor Aluminium Electrolytic"
"C80","22uF","1","","Capacitor Aluminium Electrolytic"
"C100","10nF","1","DNP","Unpolarized capacitor, small symbol"
"C101","47nF","1","DNP","Capacitor Ceramic MLCC"
"D1","1N4148","1","",""
"D2","1N4148","1","",""
"D3","1N4148","1","",""
"D4","1N4148","1","",""
"D5","1N4148","1","",""
"D6","1N4148","1","",""
"D7","1N4148","1","",""
"D8","1N4148","1","",""
"D9","1N4148","1","",""
"D11","1N4148","1","",""
"D13","1N4148","1","",""
"D15","BA157","1","",""
"D17","BA157","1","",""
"D18","1N4148","1","",""
"D19","5V1","1","",""
"E1","Edge_Connector","1","",""
"EAR1","EAR1","1","",""
"IC1","ULA","1","",""
"IC2","Z80","1","",""
"IC3","LS157","1","",""
"IC4","LS157","1","",""
"IC5","ROM","1","",""
"IC6","4116","1","",""
"IC7","4116","1","",""
"IC8","4116","1","",""
"IC9","4116","1","",""
"IC10","4116","1","",""
"IC11","4116","1","",""
"IC12","4116","1","",""
"IC13","4116","1","",""
"IC14","LM1889","1","",""
"IC15","4532","1","",""
"IC16","4532","1","",""
"IC17","4532","1","",""
"IC18","4532","1","",""
"IC19","4532","1","",""
"IC20","4532","1","",""
"IC21","4532","1","",""
"IC22","4532","1","",""
"IC23","LS32","1","",""
"IC24","LS00","1","",""
"IC25","LS157","1","",""
"IC26","LS157","1","",""
"J7","Barrel_Jack_MountingPin","1","",""
"JROM1","JROM","1","",""
"KB1","Keyboard5","1","",""
"KB2","Keyboard8","1","",""
"L1","L1","1","",""
"L2","L2","1","",""
"LS1","Speaker","1","","Speaker"
"MIC1","MIC1","1","",""
"OKI-H1","OKI-H","1","",""
"OKI-L1","OKI-L","1","",""
"OKI1","OKI","1","",""
"R1","470R","1","",""
"R2","470R","1","",""
"R3","470R","1","",""
"R4","470R","1","",""
"R5","470R","1","",""
"R6","470R","1","",""
"R7","470R","1","",""
"R8","470R","1","",""
"R9","8k2","1","",""
"R10","8k2","1","",""
"R11","8k2","1","",""
"R12","8k2","1","",""
"R13","8k2","1","",""
"R14","8k2","1","",""
"R15","8k2","1","",""
"R16","8k2","1","",""
"R17","330R","1","",""
"R18","330R","1","",""
"R19","330R","1","",""
"R20","330R","1","",""
"R21","330R","1","",""
"R22","330R","1","",""
"R23","330R","1","",""
"R24","1K","1","",""
"R25","180R","1","",""
"R26","470R","1","",""
"R27","470R","1","",""
"R28","10K","1","",""
"R29","10K","1","",""
"R30","10K","1","",""
"R31","220K","1","",""
"R32","0R","1","",""
"R33","680R","1","",""
"R34","15R","1","",""
"R35","10K","1","",""
"R36","680R","1","",""
"R37","1K","1","",""
"R42","1K","1","",""
"R43","3K","1","",""
"R44","5K1","1","",""
"R45","1K","1","",""
"R46","1K","1","",""
"R47","1K","1","",""
"R48","4K7","1","",""
"R49","10K","1","",""
"R50","8K2","1","",""
"R51","2K2","1","",""
"R52","2K2","1","",""
"R53","390R","1","",""
"R56","220R","1","",""
"R57","330R","1","DNP",""
"R58","1K","1","",""
"R59","1K8","1","",""
"R60","220R","1","",""
"R61","15R","1","",""
"R62","15R","1","",""
"R63","220R","1","",""
"R64","15R","1","",""
"R65","10K","1","",""
"R66","10K","1","",""
"R67","10K","1","",""
"R68","10K","1","",""
"R69","10K","1","",""
"R70","220R","1","",""
"R71","220R","1","",""
"R72","10K","1","",""
"R73","1K","1","",""
"R74","10K","1","",""
"R75","10K","1","",""
"R76","1K","1","",""
"R77","1K","1","",""
"R78","470R","1","",""
"R79","2K2","1","",""
"REG1","7805","1","",""
"SW1","SW_SPDT","1","DNP","Switch, single pole double throw"
"T1","Transformer_1P_1S","1","",""
"TI-3","TI-3","1","",""
"TI-4","TI-4","1","",""
"TI1","TI","1","",""
"TR1","ZTX313","1","",""
"TR2","ZTX313","1","",""
"TR3","ZTX313","1","",""
"TR4","ZTX650","1","",""
"TR5","ZTX213","1","",""
"TR6","ZTX313","1","",""
"TR7","ZTX450","1","",""
"TR8","BC184","1","",""
"TR9","BC184","1","",""
"TV1","TV","1","",""
"X1","14Mhz","1","",""
"X2","4.43Mhz","1","",""
